<metadata xml:lang="en"><Esri><CreaDate>20210228</CreaDate><CreaTime>17434800</CreaTime><ArcGISFormat>1.0</ArcGISFormat><SyncOnce>FALSE</SyncOnce><DataProperties><lineage><Process ToolSource="c:\program files\arcgis\pro\Resources\ArcToolbox\toolboxes\Conversion Tools.tbx\FeatureClassToFeatureClass" Date="20210228" Time="174348">FeatureClassToFeatureClass "All Townships 1920" "H:\DASIL\iowa townships\Joining\Joining.gdb" All_Townships_Merged_1920s # "Id "Id" true true false 10 Long 0 10,First,#,All Townships 1920,All Townships 1920.Id,-1,-1;FirstName "FirstName" true true false 15 Text 0 0,First,#,All Townships 1920,All Townships 1920.FirstName,0,15;LastName "LastName" true true false 20 Text 0 0,First,#,All Townships 1920,All Townships 1920.LastName,0,20;Acres "Acres" true true false 10 Long 0 10,First,#,All Townships 1920,All Townships 1920.Acres,-1,-1;GISLink "GISLink" true true false 10 Long 0 10,First,#,All Townships 1920,All Townships 1920.GISLink,-1,-1;Field1 "Field1" true true false 8000 Text 0 0,First,#,All Townships 1920,All Townships 1920.csv.Field1,0,8000;LastName "LastName" true true false 8000 Text 0 0,First,#,All Townships 1920,All Townships 1920.csv.LastName,0,8000;FirstMale "FirstMale" true true false 8000 Text 0 0,First,#,All Townships 1920,All Townships 1920.csv.FirstMale,0,8000;FirstFem "FirstFem" true true false 8000 Text 0 0,First,#,All Townships 1920,All Townships 1920.csv.FirstFem,0,8000;GISLink "GISLink" true true false 4 Long 0 0,First,#,All Townships 1920,All Townships 1920.csv.GISLink,-1,-1;MaleAge "MaleAge" true true false 4 Long 0 0,First,#,All Townships 1920,All Townships 1920.csv.MaleAge,-1,-1;FemaleAge "FemaleAge" true true false 4 Long 0 0,First,#,All Townships 1920,All Townships 1920.csv.FemaleAge,-1,-1;MaleJob "MaleJob" true true false 8000 Text 0 0,First,#,All Townships 1920,All Townships 1920.csv.MaleJob,0,8000;MaleIndust "MaleIndust" true true false 8000 Text 0 0,First,#,All Townships 1920,All Townships 1920.csv.MaleIndust,0,8000;FemaleJob "FemaleJob" true true false 8000 Text 0 0,First,#,All Townships 1920,All Townships 1920.csv.FemaleJob,0,8000;FemIndustr "FemIndustr" true true false 8000 Text 0 0,First,#,All Townships 1920,All Townships 1920.csv.FemIndustr,0,8000;FamMembers "FamMembers" true true false 8000 Text 0 0,First,#,All Townships 1920,All Townships 1920.csv.FamMembers,0,8000;Unrelated "Unrelated" true true false 8000 Text 0 0,First,#,All Townships 1920,All Townships 1920.csv.Unrelated,0,8000;TotalHH "TotalHH" true true false 4 Long 0 0,First,#,All Townships 1920,All Townships 1920.csv.TotalHH,-1,-1;RelAdults "RelAdults" true true false 4 Long 0 0,First,#,All Townships 1920,All Townships 1920.csv.RelAdults,-1,-1;UnRelAdults "UnRelAdults" true true false 4 Long 0 0,First,#,All Townships 1920,All Townships 1920.csv.UnRelAdults,-1,-1;Male18to64 "Male18to64" true true false 4 Long 0 0,First,#,All Townships 1920,All Townships 1920.csv.Male18to64,-1,-1;Fem18to64 "Fem18to64" true true false 4 Long 0 0,First,#,All Townships 1920,All Townships 1920.csv.Fem18to64,-1,-1;Male65Plus "Male65Plus" true true false 4 Long 0 0,First,#,All Townships 1920,All Townships 1920.csv.Male65Plus,-1,-1;Fem65Plus "Fem65Plus" true true false 4 Long 0 0,First,#,All Townships 1920,All Townships 1920.csv.Fem65Plus,-1,-1;Male5to17 "Male5to17" true true false 4 Long 0 0,First,#,All Townships 1920,All Townships 1920.csv.Male5to17,-1,-1;Fem5to17 "Fem5to17" true true false 4 Long 0 0,First,#,All Townships 1920,All Townships 1920.csv.Fem5to17,-1,-1;MaleUn5 "MaleUn5" true true false 4 Long 0 0,First,#,All Townships 1920,All Townships 1920.csv.MaleUn5,-1,-1;FemUn5 "FemUn5" true true false 4 Long 0 0,First,#,All Townships 1920,All Townships 1920.csv.FemUn5,-1,-1;School "School" true true false 4 Long 0 0,First,#,All Townships 1920,All Townships 1920.csv.School,-1,-1;UnabRead "UnabRead" true true false 4 Long 0 0,First,#,All Townships 1920,All Townships 1920.csv.UnabRead,-1,-1;Race "Race" true true false 8000 Text 0 0,First,#,All Townships 1920,All Townships 1920.csv.Race,0,8000" #</Process><Process ToolSource="c:\program files\arcgis\pro\Resources\ArcToolbox\toolboxes\Data Management Tools.tbx\CopyFeatures" Date="20210228" Time="174439">CopyFeatures All_Townships_Merged_1920s "H:\DASIL\iowa townships\All_Townships_Merged_1920s\All_Townships_Merged_1920s.shp" # # # #</Process></lineage><itemProps><itemName Sync="TRUE">All_Townships_Merged_1920s</itemName><imsContentType Sync="TRUE">002</imsContentType><itemSize Sync="TRUE">0.000</itemSize><itemLocation><linkage Sync="TRUE">file://\\storage\Student\akinshol\DASIL\iowa townships\All_Townships_Merged_1920s\All_Townships_Merged_1920s.shp</linkage><protocol Sync="TRUE">Local Area Network</protocol></itemLocation></itemProps><coordRef><type Sync="TRUE">Projected</type><geogcsn Sync="TRUE">GCS_North_American_1983</geogcsn><csUnits Sync="TRUE">Linear Unit: Meter (1.000000)</csUnits><projcsn Sync="TRUE">NAD_1983_UTM_Zone_15N</projcsn><peXml Sync="TRUE">&lt;ProjectedCoordinateSystem xsi:type='typens:ProjectedCoordinateSystem' xmlns:xsi='http://www.w3.org/2001/XMLSchema-instance' xmlns:xs='http://www.w3.org/2001/XMLSchema' xmlns:typens='http://www.esri.com/schemas/ArcGIS/2.4.0'&gt;&lt;WKT&gt;PROJCS[&amp;quot;NAD_1983_UTM_Zone_15N&amp;quot;,GEOGCS[&amp;quot;GCS_North_American_1983&amp;quot;,DATUM[&amp;quot;D_North_American_1983&amp;quot;,SPHEROID[&amp;quot;GRS_1980&amp;quot;,6378137.0,298.257222101]],PRIMEM[&amp;quot;Greenwich&amp;quot;,0.0],UNIT[&amp;quot;Degree&amp;quot;,0.0174532925199433]],PROJECTION[&amp;quot;Transverse_Mercator&amp;quot;],PARAMETER[&amp;quot;False_Easting&amp;quot;,500000.0],PARAMETER[&amp;quot;False_Northing&amp;quot;,0.0],PARAMETER[&amp;quot;Central_Meridian&amp;quot;,-93.0],PARAMETER[&amp;quot;Scale_Factor&amp;quot;,0.9996],PARAMETER[&amp;quot;Latitude_Of_Origin&amp;quot;,0.0],UNIT[&amp;quot;Meter&amp;quot;,1.0],AUTHORITY[&amp;quot;EPSG&amp;quot;,26915]]&lt;/WKT&gt;&lt;XOrigin&gt;-5120900&lt;/XOrigin&gt;&lt;YOrigin&gt;-9998100&lt;/YOrigin&gt;&lt;XYScale&gt;450445547.3910538&lt;/XYScale&gt;&lt;ZOrigin&gt;-100000&lt;/ZOrigin&gt;&lt;ZScale&gt;10000&lt;/ZScale&gt;&lt;MOrigin&gt;-100000&lt;/MOrigin&gt;&lt;MScale&gt;10000&lt;/MScale&gt;&lt;XYTolerance&gt;0.001&lt;/XYTolerance&gt;&lt;ZTolerance&gt;0.001&lt;/ZTolerance&gt;&lt;MTolerance&gt;0.001&lt;/MTolerance&gt;&lt;HighPrecision&gt;true&lt;/HighPrecision&gt;&lt;WKID&gt;26915&lt;/WKID&gt;&lt;LatestWKID&gt;26915&lt;/LatestWKID&gt;&lt;/ProjectedCoordinateSystem&gt;</peXml></coordRef></DataProperties><SyncDate>20210228</SyncDate><SyncTime>17443900</SyncTime><ModDate>20210228</ModDate><ModTime>17443900</ModTime></Esri><dataIdInfo><envirDesc Sync="TRUE">Microsoft Windows 10 Version 10.0 (Build 18363) ; Esri ArcGIS 12.4.0.19948</envirDesc><dataLang><languageCode value="eng" Sync="TRUE"></languageCode><countryCode value="USA" Sync="TRUE"></countryCode></dataLang><idCitation><resTitle Sync="TRUE">All_Townships_Merged_1920s</resTitle><presForm><PresFormCd value="005" Sync="TRUE"></PresFormCd></presForm></idCitation><spatRpType><SpatRepTypCd value="001" Sync="TRUE"></SpatRepTypCd></spatRpType></dataIdInfo><mdLang><languageCode value="eng" Sync="TRUE"></languageCode><countryCode value="USA" Sync="TRUE"></countryCode></mdLang><distInfo><distFormat><formatName Sync="TRUE">Shapefile</formatName></distFormat><distTranOps><transSize Sync="TRUE">0.000</transSize></distTranOps></distInfo><mdHrLv><ScopeCd value="005" Sync="TRUE"></ScopeCd></mdHrLv><mdHrLvName Sync="TRUE">dataset</mdHrLvName><refSysInfo><RefSystem><refSysID><identCode code="26915" Sync="TRUE"></identCode><idCodeSpace Sync="TRUE">EPSG</idCodeSpace><idVersion Sync="TRUE">6.13(3.0.1)</idVersion></refSysID></RefSystem></refSysInfo><spatRepInfo><VectSpatRep><geometObjs Name="All_Townships_Merged_1920s"><geoObjTyp><GeoObjTypCd value="002" Sync="TRUE"></GeoObjTypCd></geoObjTyp><geoObjCnt Sync="TRUE">0</geoObjCnt></geometObjs><topLvl><TopoLevCd value="001" Sync="TRUE"></TopoLevCd></topLvl></VectSpatRep></spatRepInfo><spdoinfo><ptvctinf><esriterm Name="All_Townships_Merged_1920s"><efeatyp Sync="TRUE">Simple</efeatyp><efeageom code="4" Sync="TRUE"></efeageom><esritopo Sync="TRUE">FALSE</esritopo><efeacnt Sync="TRUE">0</efeacnt><spindex Sync="TRUE">FALSE</spindex><linrefer Sync="TRUE">FALSE</linrefer></esriterm></ptvctinf></spdoinfo><eainfo><detailed Name="All_Townships_Merged_1920s"><enttyp><enttypl Sync="TRUE">All_Townships_Merged_1920s</enttypl><enttypt Sync="TRUE">Feature Class</enttypt><enttypc Sync="TRUE">0</enttypc></enttyp><attr><attrlabl Sync="TRUE">FID</attrlabl><attalias Sync="TRUE">FID</attalias><attrtype Sync="TRUE">OID</attrtype><attwidth Sync="TRUE">4</attwidth><atprecis Sync="TRUE">0</atprecis><attscale Sync="TRUE">0</attscale><attrdef Sync="TRUE">Internal feature number.</attrdef><attrdefs Sync="TRUE">Esri</attrdefs><attrdomv><udom Sync="TRUE">Sequential unique whole numbers that are automatically generated.</udom></attrdomv></attr><attr><attrlabl Sync="TRUE">Shape</attrlabl><attalias Sync="TRUE">Shape</attalias><attrtype Sync="TRUE">Geometry</attrtype><attwidth Sync="TRUE">0</attwidth><atprecis Sync="TRUE">0</atprecis><attscale Sync="TRUE">0</attscale><attrdef Sync="TRUE">Feature geometry.</attrdef><attrdefs Sync="TRUE">Esri</attrdefs><attrdomv><udom Sync="TRUE">Coordinates defining the features.</udom></attrdomv></attr><attr><attrlabl Sync="TRUE">Id</attrlabl><attalias Sync="TRUE">Id</attalias><attrtype Sync="TRUE">Integer</attrtype><attwidth Sync="TRUE">10</attwidth><atprecis Sync="TRUE">10</atprecis><attscale Sync="TRUE">0</attscale></attr><attr><attrlabl Sync="TRUE">FirstName</attrlabl><attalias Sync="TRUE">FirstName</attalias><attrtype Sync="TRUE">String</attrtype><attwidth Sync="TRUE">15</attwidth><atprecis Sync="TRUE">0</atprecis><attscale Sync="TRUE">0</attscale></attr><attr><attrlabl Sync="TRUE">LastName</attrlabl><attalias Sync="TRUE">LastName</attalias><attrtype Sync="TRUE">String</attrtype><attwidth Sync="TRUE">20</attwidth><atprecis Sync="TRUE">0</atprecis><attscale Sync="TRUE">0</attscale></attr><attr><attrlabl Sync="TRUE">Acres</attrlabl><attalias Sync="TRUE">Acres</attalias><attrtype Sync="TRUE">Integer</attrtype><attwidth Sync="TRUE">10</attwidth><atprecis Sync="TRUE">10</atprecis><attscale Sync="TRUE">0</attscale></attr><attr><attrlabl Sync="TRUE">GISLink</attrlabl><attalias Sync="TRUE">GISLink</attalias><attrtype Sync="TRUE">Integer</attrtype><attwidth Sync="TRUE">10</attwidth><atprecis Sync="TRUE">10</atprecis><attscale Sync="TRUE">0</attscale></attr><attr><attrlabl Sync="TRUE">Field1</attrlabl><attalias Sync="TRUE">Field1</attalias><attrtype Sync="TRUE">String</attrtype><attwidth Sync="TRUE">254</attwidth><atprecis Sync="TRUE">0</atprecis><attscale Sync="TRUE">0</attscale></attr><attr><attrlabl Sync="TRUE">LastName_1</attrlabl><attalias Sync="TRUE">LastName_1</attalias><attrtype Sync="TRUE">String</attrtype><attwidth Sync="TRUE">254</attwidth><atprecis Sync="TRUE">0</atprecis><attscale Sync="TRUE">0</attscale></attr><attr><attrlabl Sync="TRUE">FirstMale</attrlabl><attalias Sync="TRUE">FirstMale</attalias><attrtype Sync="TRUE">String</attrtype><attwidth Sync="TRUE">254</attwidth><atprecis Sync="TRUE">0</atprecis><attscale Sync="TRUE">0</attscale></attr><attr><attrlabl Sync="TRUE">FirstFem</attrlabl><attalias Sync="TRUE">FirstFem</attalias><attrtype Sync="TRUE">String</attrtype><attwidth Sync="TRUE">254</attwidth><atprecis Sync="TRUE">0</atprecis><attscale Sync="TRUE">0</attscale></attr><attr><attrlabl Sync="TRUE">GISLink_1</attrlabl><attalias Sync="TRUE">GISLink_1</attalias><attrtype Sync="TRUE">Integer</attrtype><attwidth Sync="TRUE">10</attwidth><atprecis Sync="TRUE">10</atprecis><attscale Sync="TRUE">0</attscale></attr><attr><attrlabl Sync="TRUE">MaleAge</attrlabl><attalias Sync="TRUE">MaleAge</attalias><attrtype Sync="TRUE">Integer</attrtype><attwidth Sync="TRUE">10</attwidth><atprecis Sync="TRUE">10</atprecis><attscale Sync="TRUE">0</attscale></attr><attr><attrlabl Sync="TRUE">FemaleAge</attrlabl><attalias Sync="TRUE">FemaleAge</attalias><attrtype Sync="TRUE">Integer</attrtype><attwidth Sync="TRUE">10</attwidth><atprecis Sync="TRUE">10</atprecis><attscale Sync="TRUE">0</attscale></attr><attr><attrlabl Sync="TRUE">MaleJob</attrlabl><attalias Sync="TRUE">MaleJob</attalias><attrtype Sync="TRUE">String</attrtype><attwidth Sync="TRUE">254</attwidth><atprecis Sync="TRUE">0</atprecis><attscale Sync="TRUE">0</attscale></attr><attr><attrlabl Sync="TRUE">MaleIndust</attrlabl><attalias Sync="TRUE">MaleIndust</attalias><attrtype Sync="TRUE">String</attrtype><attwidth Sync="TRUE">254</attwidth><atprecis Sync="TRUE">0</atprecis><attscale Sync="TRUE">0</attscale></attr><attr><attrlabl Sync="TRUE">FemaleJob</attrlabl><attalias Sync="TRUE">FemaleJob</attalias><attrtype Sync="TRUE">String</attrtype><attwidth Sync="TRUE">254</attwidth><atprecis Sync="TRUE">0</atprecis><attscale Sync="TRUE">0</attscale></attr><attr><attrlabl Sync="TRUE">FemIndustr</attrlabl><attalias Sync="TRUE">FemIndustr</attalias><attrtype Sync="TRUE">String</attrtype><attwidth Sync="TRUE">254</attwidth><atprecis Sync="TRUE">0</atprecis><attscale Sync="TRUE">0</attscale></attr><attr><attrlabl Sync="TRUE">FamMembers</attrlabl><attalias Sync="TRUE">FamMembers</attalias><attrtype Sync="TRUE">String</attrtype><attwidth Sync="TRUE">254</attwidth><atprecis Sync="TRUE">0</atprecis><attscale Sync="TRUE">0</attscale></attr><attr><attrlabl Sync="TRUE">Unrelated</attrlabl><attalias Sync="TRUE">Unrelated</attalias><attrtype Sync="TRUE">String</attrtype><attwidth Sync="TRUE">254</attwidth><atprecis Sync="TRUE">0</atprecis><attscale Sync="TRUE">0</attscale></attr><attr><attrlabl Sync="TRUE">TotalHH</attrlabl><attalias Sync="TRUE">TotalHH</attalias><attrtype Sync="TRUE">Integer</attrtype><attwidth Sync="TRUE">10</attwidth><atprecis Sync="TRUE">10</atprecis><attscale Sync="TRUE">0</attscale></attr><attr><attrlabl Sync="TRUE">RelAdults</attrlabl><attalias Sync="TRUE">RelAdults</attalias><attrtype Sync="TRUE">Integer</attrtype><attwidth Sync="TRUE">10</attwidth><atprecis Sync="TRUE">10</atprecis><attscale Sync="TRUE">0</attscale></attr><attr><attrlabl Sync="TRUE">UnRelAdult</attrlabl><attalias Sync="TRUE">UnRelAdult</attalias><attrtype Sync="TRUE">Integer</attrtype><attwidth Sync="TRUE">10</attwidth><atprecis Sync="TRUE">10</atprecis><attscale Sync="TRUE">0</attscale></attr><attr><attrlabl Sync="TRUE">Male18to64</attrlabl><attalias Sync="TRUE">Male18to64</attalias><attrtype Sync="TRUE">Integer</attrtype><attwidth Sync="TRUE">10</attwidth><atprecis Sync="TRUE">10</atprecis><attscale Sync="TRUE">0</attscale></attr><attr><attrlabl Sync="TRUE">Fem18to64</attrlabl><attalias Sync="TRUE">Fem18to64</attalias><attrtype Sync="TRUE">Integer</attrtype><attwidth Sync="TRUE">10</attwidth><atprecis Sync="TRUE">10</atprecis><attscale Sync="TRUE">0</attscale></attr><attr><attrlabl Sync="TRUE">Male65Plus</attrlabl><attalias Sync="TRUE">Male65Plus</attalias><attrtype Sync="TRUE">Integer</attrtype><attwidth Sync="TRUE">10</attwidth><atprecis Sync="TRUE">10</atprecis><attscale Sync="TRUE">0</attscale></attr><attr><attrlabl Sync="TRUE">Fem65Plus</attrlabl><attalias Sync="TRUE">Fem65Plus</attalias><attrtype Sync="TRUE">Integer</attrtype><attwidth Sync="TRUE">10</attwidth><atprecis Sync="TRUE">10</atprecis><attscale Sync="TRUE">0</attscale></attr><attr><attrlabl Sync="TRUE">Male5to17</attrlabl><attalias Sync="TRUE">Male5to17</attalias><attrtype Sync="TRUE">Integer</attrtype><attwidth Sync="TRUE">10</attwidth><atprecis Sync="TRUE">10</atprecis><attscale Sync="TRUE">0</attscale></attr><attr><attrlabl Sync="TRUE">Fem5to17</attrlabl><attalias Sync="TRUE">Fem5to17</attalias><attrtype Sync="TRUE">Integer</attrtype><attwidth Sync="TRUE">10</attwidth><atprecis Sync="TRUE">10</atprecis><attscale Sync="TRUE">0</attscale></attr><attr><attrlabl Sync="TRUE">MaleUn5</attrlabl><attalias Sync="TRUE">MaleUn5</attalias><attrtype Sync="TRUE">Integer</attrtype><attwidth Sync="TRUE">10</attwidth><atprecis Sync="TRUE">10</atprecis><attscale Sync="TRUE">0</attscale></attr><attr><attrlabl Sync="TRUE">FemUn5</attrlabl><attalias Sync="TRUE">FemUn5</attalias><attrtype Sync="TRUE">Integer</attrtype><attwidth Sync="TRUE">10</attwidth><atprecis Sync="TRUE">10</atprecis><attscale Sync="TRUE">0</attscale></attr><attr><attrlabl Sync="TRUE">School</attrlabl><attalias Sync="TRUE">School</attalias><attrtype Sync="TRUE">Integer</attrtype><attwidth Sync="TRUE">10</attwidth><atprecis Sync="TRUE">10</atprecis><attscale Sync="TRUE">0</attscale></attr><attr><attrlabl Sync="TRUE">UnabRead</attrlabl><attalias Sync="TRUE">UnabRead</attalias><attrtype Sync="TRUE">Integer</attrtype><attwidth Sync="TRUE">10</attwidth><atprecis Sync="TRUE">10</atprecis><attscale Sync="TRUE">0</attscale></attr><attr><attrlabl Sync="TRUE">Race</attrlabl><attalias Sync="TRUE">Race</attalias><attrtype Sync="TRUE">String</attrtype><attwidth Sync="TRUE">254</attwidth><atprecis Sync="TRUE">0</atprecis><attscale Sync="TRUE">0</attscale></attr><attr><attrlabl Sync="TRUE">Shape_Leng</attrlabl><attalias Sync="TRUE">Shape_Leng</attalias><attrtype Sync="TRUE">Double</attrtype><attwidth Sync="TRUE">19</attwidth><atprecis Sync="TRUE">0</atprecis><attscale Sync="TRUE">0</attscale></attr><attr><attrlabl Sync="TRUE">Shape_Area</attrlabl><attalias Sync="TRUE">Shape_Area</attalias><attrtype Sync="TRUE">Double</attrtype><attwidth Sync="TRUE">19</attwidth><atprecis Sync="TRUE">0</atprecis><attscale Sync="TRUE">0</attscale><attrdef Sync="TRUE">Area of feature in internal units squared.</attrdef><attrdefs Sync="TRUE">Esri</attrdefs><attrdomv><udom Sync="TRUE">Positive real numbers that are automatically generated.</udom></attrdomv></attr></detailed></eainfo><mdDateSt Sync="TRUE">20210228</mdDateSt></metadata>
