<metadata xml:lang="en"><Esri><CreaDate>20210228</CreaDate><CreaTime>17322300</CreaTime><ArcGISFormat>1.0</ArcGISFormat><SyncOnce>FALSE</SyncOnce><DataProperties><lineage><Process ToolSource="c:\program files\arcgis\pro\Resources\ArcToolbox\toolboxes\Conversion Tools.tbx\FeatureClassToFeatureClass" Date="20210228" Time="173223">FeatureClassToFeatureClass "All Townships Merge" "H:\DASIL\iowa townships\Joining\Joining.gdb" All_Townships_Merged_1900s # "Id "Id" true true false 10 Long 0 10,First,#,All Townships Merge,All Townships Merge.Id,-1,-1;Last_Name "Last_Name" true true false 150 Text 0 0,First,#,All Townships Merge,All Townships Merge.Last_Name,0,150;First_Name "First_Name" true true false 50 Text 0 0,First,#,All Townships Merge,All Townships Merge.First_Name,0,50;Acres "Acres" true true false 10 Long 0 10,First,#,All Townships Merge,All Townships Merge.Acres,-1,-1;GIS_Link "GIS_Link" true true false 10 Long 0 10,First,#,All Townships Merge,All Townships Merge.GIS_Link,-1,-1;Township "Township" true true false 8000 Text 0 0,First,#,All Townships Merge,All Townships GIS Join.csv.Township,0,8000,All Townships Merge,All Townships GIS Join.csv.Township,0,8000;Lastname "Lastname" true true false 8000 Text 0 0,First,#,All Townships Merge,All Townships GIS Join.csv.Lastname,0,8000;Firstmale "Firstmale" true true false 8000 Text 0 0,First,#,All Townships Merge,All Townships GIS Join.csv.Firstmale,0,8000;Firstfem "Firstfem" true true false 8000 Text 0 0,First,#,All Townships Merge,All Townships GIS Join.csv.Firstfem,0,8000;GISLink "GISLink" true true false 4 Long 0 0,First,#,All Townships Merge,All Townships GIS Join.csv.GISLink,-1,-1;MaleAge "MaleAge" true true false 4 Long 0 0,First,#,All Townships Merge,All Townships GIS Join.csv.MaleAge,-1,-1;FemaleAge "FemaleAge" true true false 4 Long 0 0,First,#,All Townships Merge,All Townships GIS Join.csv.FemaleAge,-1,-1;MaleJob "MaleJob" true true false 8000 Text 0 0,First,#,All Townships Merge,All Townships GIS Join.csv.MaleJob,0,8000;Field9 "Field9" true true false 8000 Text 0 0,First,#,All Townships Merge,All Townships GIS Join.csv.Field9,0,8000;FemaleJob "FemaleJob" true true false 8000 Text 0 0,First,#,All Townships Merge,All Townships GIS Join.csv.FemaleJob,0,8000;Field11 "Field11" true true false 8000 Text 0 0,First,#,All Townships Merge,All Townships GIS Join.csv.Field11,0,8000;FamMembers "FamMembers" true true false 8000 Text 0 0,First,#,All Townships Merge,All Townships GIS Join.csv.FamMembers,0,8000;Unrelated "Unrelated" true true false 8000 Text 0 0,First,#,All Townships Merge,All Townships GIS Join.csv.Unrelated,0,8000;TotalHH "TotalHH" true true false 4 Long 0 0,First,#,All Townships Merge,All Townships GIS Join.csv.TotalHH,-1,-1;RelAdults "RelAdults" true true false 4 Long 0 0,First,#,All Townships Merge,All Townships GIS Join.csv.RelAdults,-1,-1;UnRelAdult "UnRelAdult" true true false 4 Long 0 0,First,#,All Townships Merge,All Townships GIS Join.csv.UnRelAdult,-1,-1;Male18to64 "Male18to64" true true false 4 Long 0 0,First,#,All Townships Merge,All Townships GIS Join.csv.Male18to64,-1,-1;Fem18to64 "Fem18to64" true true false 4 Long 0 0,First,#,All Townships Merge,All Townships GIS Join.csv.Fem18to64,-1,-1;Male65Plus "Male65Plus" true true false 4 Long 0 0,First,#,All Townships Merge,All Townships GIS Join.csv.Male65Plus,-1,-1;Fem65Plus "Fem65Plus" true true false 4 Long 0 0,First,#,All Townships Merge,All Townships GIS Join.csv.Fem65Plus,-1,-1;Male5to17 "Male5to17" true true false 4 Long 0 0,First,#,All Townships Merge,All Townships GIS Join.csv.Male5to17,-1,-1;Fem5to17 "Fem5to17" true true false 4 Long 0 0,First,#,All Townships Merge,All Townships GIS Join.csv.Fem5to17,-1,-1;MaleUn5 "MaleUn5" true true false 4 Long 0 0,First,#,All Townships Merge,All Townships GIS Join.csv.MaleUn5,-1,-1;FemUn5 "FemUn5" true true false 4 Long 0 0,First,#,All Townships Merge,All Townships GIS Join.csv.FemUn5,-1,-1;School "School" true true false 4 Long 0 0,First,#,All Townships Merge,All Townships GIS Join.csv.School,-1,-1;UnabRead "UnabRead" true true false 4 Long 0 0,First,#,All Townships Merge,All Townships GIS Join.csv.UnabRead,-1,-1;Race "Race" true true false 8000 Text 0 0,First,#,All Townships Merge,All Townships GIS Join.csv.Race,0,8000;Married "Married" true true false 8000 Text 0 0,First,#,All Townships Merge,All Townships GIS Join.csv.Married,0,8000;YearsMar "YearsMar" true true false 4 Long 0 0,First,#,All Townships Merge,All Townships GIS Join.csv.YearsMar,-1,-1;ChildBorn "ChildBorn" true true false 4 Long 0 0,First,#,All Townships Merge,All Townships GIS Join.csv.ChildBorn,-1,-1;ChildAliv "ChildAliv" true true false 4 Long 0 0,First,#,All Townships Merge,All Townships GIS Join.csv.ChildAliv,-1,-1;Field32 "Field32" true true false 8000 Text 0 0,First,#,All Townships Merge,All Townships GIS Join.csv.Field32,0,8000;Field33 "Field33" true true false 8000 Text 0 0,First,#,All Townships Merge,All Townships GIS Join.csv.Field33,0,8000;HeadbinUS "HeadbinUS" true true false 8 Double 0 0,First,#,All Townships Merge,All Townships GIS Join.csv.HeadbinUS,-1,-1;BinIowa "BinIowa" true true false 8 Double 0 0,First,#,All Townships Merge,All Townships GIS Join.csv.BinIowa,-1,-1;GPA_BINUS "GPA BINUS" true true false 8 Double 0 0,First,#,All Townships Merge,All Townships GIS Join.csv.GPA BINUS,-1,-1;GPABINIowa "GPABINIowa" true true false 8 Double 0 0,First,#,All Townships Merge,All Townships GIS Join.csv.GPABINIowa,-1,-1;MaleBirth "MaleBirth" true true false 8000 Text 0 0,First,#,All Townships Merge,All Townships GIS Join.csv.MaleBirth,0,8000;FemBirth "FemBirth" true true false 8000 Text 0 0,First,#,All Townships Merge,All Townships GIS Join.csv.FemBirth,0,8000;Field40 "Field40" true true false 8000 Text 0 0,First,#,All Townships Merge,All Townships GIS Join.csv.Field40,0,8000;England "England" true true false 4 Long 0 0,First,#,All Townships Merge,All Townships GIS Join.csv.England,-1,-1;Scotland "Scotland" true true false 4 Long 0 0,First,#,All Townships Merge,All Townships GIS Join.csv.Scotland,-1,-1;Canada "Canada" true true false 4 Long 0 0,First,#,All Townships Merge,All Townships GIS Join.csv.Canada,-1,-1;Germany "Germany" true true false 4 Long 0 0,First,#,All Townships Merge,All Townships GIS Join.csv.Germany,-1,-1;Ireland "Ireland" true true false 4 Long 0 0,First,#,All Townships Merge,All Townships GIS Join.csv.Ireland,-1,-1;Denmark "Denmark" true true false 8000 Text 0 0,First,#,All Townships Merge,All Townships GIS Join.csv.Denmark,0,8000;Holland "Holland" true true false 8000 Text 0 0,First,#,All Townships Merge,All Townships GIS Join.csv.Holland,0,8000;France "France" true true false 8000 Text 0 0,First,#,All Townships Merge,All Townships GIS Join.csv.France,0,8000;Norway "Norway" true true false 4 Long 0 0,First,#,All Townships Merge,All Townships GIS Join.csv.Norway,-1,-1;Sweden "Sweden" true true false 8000 Text 0 0,First,#,All Townships Merge,All Townships GIS Join.csv.Sweden,0,8000;AustriaHun "AustriaHun" true true false 8000 Text 0 0,First,#,All Townships Merge,All Townships GIS Join.csv.AustriaHun,0,8000;Wales "Wales" true true false 8000 Text 0 0,First,#,All Townships Merge,All Townships GIS Join.csv.Wales,0,8000;Field53 "Field53" true true false 8000 Text 0 0,First,#,All Townships Merge,All Townships GIS Join.csv.Field53,0,8000;Field54 "Field54" true true false 8000 Text 0 0,First,#,All Townships Merge,All Townships GIS Join.csv.Field54,0,8000;BDDI "BDDI" true true false 4 Long 0 0,First,#,All Townships Merge,All Townships GIS Join.csv.BDDI,-1,-1;Field56 "Field56" true true false 8000 Text 0 0,First,#,All Townships Merge,All Townships GIS Join.csv.Field56,0,8000;Field57 "Field57" true true false 8000 Text 0 0,First,#,All Townships Merge,All Townships GIS Join.csv.Field57,0,8000;OwnRent "OwnRent" true true false 8000 Text 0 0,First,#,All Townships Merge,All Townships GIS Join.csv.OwnRent,0,8000;Field59 "Field59" true true false 8000 Text 0 0,First,#,All Townships Merge,All Townships GIS Join.csv.Field59,0,8000;Morgtaged "Morgtaged" true true false 4 Long 0 0,First,#,All Townships Merge,All Townships GIS Join.csv.Morgtaged,-1,-1;FarmHouse "FarmHouse" true true false 8000 Text 0 0,First,#,All Townships Merge,All Townships GIS Join.csv.FarmHouse,0,8000" #</Process><Process ToolSource="c:\program files\arcgis\pro\Resources\ArcToolbox\toolboxes\Data Management Tools.tbx\CopyFeatures" Date="20210228" Time="173742">CopyFeatures All_Townships_Merged_1900s "H:\DASIL\iowa townships\All_Townships_Merged_1900s\All_Townships_Merged_1900s.shp" # # # #</Process></lineage><itemProps><itemName Sync="TRUE">All_Townships_Merged_1900s</itemName><imsContentType Sync="TRUE">002</imsContentType><itemSize Sync="TRUE">0.000</itemSize><itemLocation><linkage Sync="TRUE">file://\\storage\Student\akinshol\DASIL\iowa townships\All_Townships_Merged_1900s\All_Townships_Merged_1900s.shp</linkage><protocol Sync="TRUE">Local Area Network</protocol></itemLocation></itemProps><coordRef><type Sync="TRUE">Projected</type><geogcsn Sync="TRUE">GCS_North_American_1983</geogcsn><csUnits Sync="TRUE">Linear Unit: Meter (1.000000)</csUnits><projcsn Sync="TRUE">NAD_1983_UTM_Zone_15N</projcsn><peXml Sync="TRUE">&lt;ProjectedCoordinateSystem xsi:type='typens:ProjectedCoordinateSystem' xmlns:xsi='http://www.w3.org/2001/XMLSchema-instance' xmlns:xs='http://www.w3.org/2001/XMLSchema' xmlns:typens='http://www.esri.com/schemas/ArcGIS/2.4.0'&gt;&lt;WKT&gt;PROJCS[&amp;quot;NAD_1983_UTM_Zone_15N&amp;quot;,GEOGCS[&amp;quot;GCS_North_American_1983&amp;quot;,DATUM[&amp;quot;D_North_American_1983&amp;quot;,SPHEROID[&amp;quot;GRS_1980&amp;quot;,6378137.0,298.257222101]],PRIMEM[&amp;quot;Greenwich&amp;quot;,0.0],UNIT[&amp;quot;Degree&amp;quot;,0.0174532925199433]],PROJECTION[&amp;quot;Transverse_Mercator&amp;quot;],PARAMETER[&amp;quot;False_Easting&amp;quot;,500000.0],PARAMETER[&amp;quot;False_Northing&amp;quot;,0.0],PARAMETER[&amp;quot;Central_Meridian&amp;quot;,-93.0],PARAMETER[&amp;quot;Scale_Factor&amp;quot;,0.9996],PARAMETER[&amp;quot;Latitude_Of_Origin&amp;quot;,0.0],UNIT[&amp;quot;Meter&amp;quot;,1.0],AUTHORITY[&amp;quot;EPSG&amp;quot;,26915]]&lt;/WKT&gt;&lt;XOrigin&gt;-5120900&lt;/XOrigin&gt;&lt;YOrigin&gt;-9998100&lt;/YOrigin&gt;&lt;XYScale&gt;450445547.3910538&lt;/XYScale&gt;&lt;ZOrigin&gt;-100000&lt;/ZOrigin&gt;&lt;ZScale&gt;10000&lt;/ZScale&gt;&lt;MOrigin&gt;-100000&lt;/MOrigin&gt;&lt;MScale&gt;10000&lt;/MScale&gt;&lt;XYTolerance&gt;0.001&lt;/XYTolerance&gt;&lt;ZTolerance&gt;0.001&lt;/ZTolerance&gt;&lt;MTolerance&gt;0.001&lt;/MTolerance&gt;&lt;HighPrecision&gt;true&lt;/HighPrecision&gt;&lt;WKID&gt;26915&lt;/WKID&gt;&lt;LatestWKID&gt;26915&lt;/LatestWKID&gt;&lt;/ProjectedCoordinateSystem&gt;</peXml></coordRef></DataProperties><SyncDate>20210228</SyncDate><SyncTime>17374200</SyncTime><ModDate>20210228</ModDate><ModTime>17374200</ModTime></Esri><dataIdInfo><envirDesc Sync="TRUE">Microsoft Windows 10 Version 10.0 (Build 18363) ; Esri ArcGIS 12.4.0.19948</envirDesc><dataLang><languageCode value="eng" Sync="TRUE"></languageCode><countryCode value="USA" Sync="TRUE"></countryCode></dataLang><idCitation><resTitle Sync="TRUE">All_Townships_Merged_1900s</resTitle><presForm><PresFormCd value="005" Sync="TRUE"></PresFormCd></presForm></idCitation><spatRpType><SpatRepTypCd value="001" Sync="TRUE"></SpatRepTypCd></spatRpType></dataIdInfo><mdLang><languageCode value="eng" Sync="TRUE"></languageCode><countryCode value="USA" Sync="TRUE"></countryCode></mdLang><distInfo><distFormat><formatName Sync="TRUE">Shapefile</formatName></distFormat><distTranOps><transSize Sync="TRUE">0.000</transSize></distTranOps></distInfo><mdHrLv><ScopeCd value="005" Sync="TRUE"></ScopeCd></mdHrLv><mdHrLvName Sync="TRUE">dataset</mdHrLvName><refSysInfo><RefSystem><refSysID><identCode code="26915" Sync="TRUE"></identCode><idCodeSpace Sync="TRUE">EPSG</idCodeSpace><idVersion Sync="TRUE">6.13(3.0.1)</idVersion></refSysID></RefSystem></refSysInfo><spatRepInfo><VectSpatRep><geometObjs Name="All_Townships_Merged_1900s"><geoObjTyp><GeoObjTypCd value="002" Sync="TRUE"></GeoObjTypCd></geoObjTyp><geoObjCnt Sync="TRUE">0</geoObjCnt></geometObjs><topLvl><TopoLevCd value="001" Sync="TRUE"></TopoLevCd></topLvl></VectSpatRep></spatRepInfo><spdoinfo><ptvctinf><esriterm Name="All_Townships_Merged_1900s"><efeatyp Sync="TRUE">Simple</efeatyp><efeageom code="4" Sync="TRUE"></efeageom><esritopo Sync="TRUE">FALSE</esritopo><efeacnt Sync="TRUE">0</efeacnt><spindex Sync="TRUE">FALSE</spindex><linrefer Sync="TRUE">FALSE</linrefer></esriterm></ptvctinf></spdoinfo><eainfo><detailed Name="All_Townships_Merged_1900s"><enttyp><enttypl Sync="TRUE">All_Townships_Merged_1900s</enttypl><enttypt Sync="TRUE">Feature Class</enttypt><enttypc Sync="TRUE">0</enttypc></enttyp><attr><attrlabl Sync="TRUE">FID</attrlabl><attalias Sync="TRUE">FID</attalias><attrtype Sync="TRUE">OID</attrtype><attwidth Sync="TRUE">4</attwidth><atprecis Sync="TRUE">0</atprecis><attscale Sync="TRUE">0</attscale><attrdef Sync="TRUE">Internal feature number.</attrdef><attrdefs Sync="TRUE">Esri</attrdefs><attrdomv><udom Sync="TRUE">Sequential unique whole numbers that are automatically generated.</udom></attrdomv></attr><attr><attrlabl Sync="TRUE">Shape</attrlabl><attalias Sync="TRUE">Shape</attalias><attrtype Sync="TRUE">Geometry</attrtype><attwidth Sync="TRUE">0</attwidth><atprecis Sync="TRUE">0</atprecis><attscale Sync="TRUE">0</attscale><attrdef Sync="TRUE">Feature geometry.</attrdef><attrdefs Sync="TRUE">Esri</attrdefs><attrdomv><udom Sync="TRUE">Coordinates defining the features.</udom></attrdomv></attr><attr><attrlabl Sync="TRUE">Id</attrlabl><attalias Sync="TRUE">Id</attalias><attrtype Sync="TRUE">Integer</attrtype><attwidth Sync="TRUE">10</attwidth><atprecis Sync="TRUE">10</atprecis><attscale Sync="TRUE">0</attscale></attr><attr><attrlabl Sync="TRUE">Last_Name</attrlabl><attalias Sync="TRUE">Last_Name</attalias><attrtype Sync="TRUE">String</attrtype><attwidth Sync="TRUE">150</attwidth><atprecis Sync="TRUE">0</atprecis><attscale Sync="TRUE">0</attscale></attr><attr><attrlabl Sync="TRUE">First_Name</attrlabl><attalias Sync="TRUE">First_Name</attalias><attrtype Sync="TRUE">String</attrtype><attwidth Sync="TRUE">50</attwidth><atprecis Sync="TRUE">0</atprecis><attscale Sync="TRUE">0</attscale></attr><attr><attrlabl Sync="TRUE">Acres</attrlabl><attalias Sync="TRUE">Acres</attalias><attrtype Sync="TRUE">Integer</attrtype><attwidth Sync="TRUE">10</attwidth><atprecis Sync="TRUE">10</atprecis><attscale Sync="TRUE">0</attscale></attr><attr><attrlabl Sync="TRUE">GIS_Link</attrlabl><attalias Sync="TRUE">GIS_Link</attalias><attrtype Sync="TRUE">Integer</attrtype><attwidth Sync="TRUE">10</attwidth><atprecis Sync="TRUE">10</atprecis><attscale Sync="TRUE">0</attscale></attr><attr><attrlabl Sync="TRUE">Township</attrlabl><attalias Sync="TRUE">Township</attalias><attrtype Sync="TRUE">String</attrtype><attwidth Sync="TRUE">254</attwidth><atprecis Sync="TRUE">0</atprecis><attscale Sync="TRUE">0</attscale></attr><attr><attrlabl Sync="TRUE">Lastname</attrlabl><attalias Sync="TRUE">Lastname</attalias><attrtype Sync="TRUE">String</attrtype><attwidth Sync="TRUE">254</attwidth><atprecis Sync="TRUE">0</atprecis><attscale Sync="TRUE">0</attscale></attr><attr><attrlabl Sync="TRUE">Firstmale</attrlabl><attalias Sync="TRUE">Firstmale</attalias><attrtype Sync="TRUE">String</attrtype><attwidth Sync="TRUE">254</attwidth><atprecis Sync="TRUE">0</atprecis><attscale Sync="TRUE">0</attscale></attr><attr><attrlabl Sync="TRUE">Firstfem</attrlabl><attalias Sync="TRUE">Firstfem</attalias><attrtype Sync="TRUE">String</attrtype><attwidth Sync="TRUE">254</attwidth><atprecis Sync="TRUE">0</atprecis><attscale Sync="TRUE">0</attscale></attr><attr><attrlabl Sync="TRUE">GISLink</attrlabl><attalias Sync="TRUE">GISLink</attalias><attrtype Sync="TRUE">Integer</attrtype><attwidth Sync="TRUE">10</attwidth><atprecis Sync="TRUE">10</atprecis><attscale Sync="TRUE">0</attscale></attr><attr><attrlabl Sync="TRUE">MaleAge</attrlabl><attalias Sync="TRUE">MaleAge</attalias><attrtype Sync="TRUE">Integer</attrtype><attwidth Sync="TRUE">10</attwidth><atprecis Sync="TRUE">10</atprecis><attscale Sync="TRUE">0</attscale></attr><attr><attrlabl Sync="TRUE">FemaleAge</attrlabl><attalias Sync="TRUE">FemaleAge</attalias><attrtype Sync="TRUE">Integer</attrtype><attwidth Sync="TRUE">10</attwidth><atprecis Sync="TRUE">10</atprecis><attscale Sync="TRUE">0</attscale></attr><attr><attrlabl Sync="TRUE">MaleJob</attrlabl><attalias Sync="TRUE">MaleJob</attalias><attrtype Sync="TRUE">String</attrtype><attwidth Sync="TRUE">254</attwidth><atprecis Sync="TRUE">0</atprecis><attscale Sync="TRUE">0</attscale></attr><attr><attrlabl Sync="TRUE">Field9</attrlabl><attalias Sync="TRUE">Field9</attalias><attrtype Sync="TRUE">String</attrtype><attwidth Sync="TRUE">254</attwidth><atprecis Sync="TRUE">0</atprecis><attscale Sync="TRUE">0</attscale></attr><attr><attrlabl Sync="TRUE">FemaleJob</attrlabl><attalias Sync="TRUE">FemaleJob</attalias><attrtype Sync="TRUE">String</attrtype><attwidth Sync="TRUE">254</attwidth><atprecis Sync="TRUE">0</atprecis><attscale Sync="TRUE">0</attscale></attr><attr><attrlabl Sync="TRUE">Field11</attrlabl><attalias Sync="TRUE">Field11</attalias><attrtype Sync="TRUE">String</attrtype><attwidth Sync="TRUE">254</attwidth><atprecis Sync="TRUE">0</atprecis><attscale Sync="TRUE">0</attscale></attr><attr><attrlabl Sync="TRUE">FamMembers</attrlabl><attalias Sync="TRUE">FamMembers</attalias><attrtype Sync="TRUE">String</attrtype><attwidth Sync="TRUE">254</attwidth><atprecis Sync="TRUE">0</atprecis><attscale Sync="TRUE">0</attscale></attr><attr><attrlabl Sync="TRUE">Unrelated</attrlabl><attalias Sync="TRUE">Unrelated</attalias><attrtype Sync="TRUE">String</attrtype><attwidth Sync="TRUE">254</attwidth><atprecis Sync="TRUE">0</atprecis><attscale Sync="TRUE">0</attscale></attr><attr><attrlabl Sync="TRUE">TotalHH</attrlabl><attalias Sync="TRUE">TotalHH</attalias><attrtype Sync="TRUE">Integer</attrtype><attwidth Sync="TRUE">10</attwidth><atprecis Sync="TRUE">10</atprecis><attscale Sync="TRUE">0</attscale></attr><attr><attrlabl Sync="TRUE">RelAdults</attrlabl><attalias Sync="TRUE">RelAdults</attalias><attrtype Sync="TRUE">Integer</attrtype><attwidth Sync="TRUE">10</attwidth><atprecis Sync="TRUE">10</atprecis><attscale Sync="TRUE">0</attscale></attr><attr><attrlabl Sync="TRUE">UnRelAdult</attrlabl><attalias Sync="TRUE">UnRelAdult</attalias><attrtype Sync="TRUE">Integer</attrtype><attwidth Sync="TRUE">10</attwidth><atprecis Sync="TRUE">10</atprecis><attscale Sync="TRUE">0</attscale></attr><attr><attrlabl Sync="TRUE">Male18to64</attrlabl><attalias Sync="TRUE">Male18to64</attalias><attrtype Sync="TRUE">Integer</attrtype><attwidth Sync="TRUE">10</attwidth><atprecis Sync="TRUE">10</atprecis><attscale Sync="TRUE">0</attscale></attr><attr><attrlabl Sync="TRUE">Fem18to64</attrlabl><attalias Sync="TRUE">Fem18to64</attalias><attrtype Sync="TRUE">Integer</attrtype><attwidth Sync="TRUE">10</attwidth><atprecis Sync="TRUE">10</atprecis><attscale Sync="TRUE">0</attscale></attr><attr><attrlabl Sync="TRUE">Male65Plus</attrlabl><attalias Sync="TRUE">Male65Plus</attalias><attrtype Sync="TRUE">Integer</attrtype><attwidth Sync="TRUE">10</attwidth><atprecis Sync="TRUE">10</atprecis><attscale Sync="TRUE">0</attscale></attr><attr><attrlabl Sync="TRUE">Fem65Plus</attrlabl><attalias Sync="TRUE">Fem65Plus</attalias><attrtype Sync="TRUE">Integer</attrtype><attwidth Sync="TRUE">10</attwidth><atprecis Sync="TRUE">10</atprecis><attscale Sync="TRUE">0</attscale></attr><attr><attrlabl Sync="TRUE">Male5to17</attrlabl><attalias Sync="TRUE">Male5to17</attalias><attrtype Sync="TRUE">Integer</attrtype><attwidth Sync="TRUE">10</attwidth><atprecis Sync="TRUE">10</atprecis><attscale Sync="TRUE">0</attscale></attr><attr><attrlabl Sync="TRUE">Fem5to17</attrlabl><attalias Sync="TRUE">Fem5to17</attalias><attrtype Sync="TRUE">Integer</attrtype><attwidth Sync="TRUE">10</attwidth><atprecis Sync="TRUE">10</atprecis><attscale Sync="TRUE">0</attscale></attr><attr><attrlabl Sync="TRUE">MaleUn5</attrlabl><attalias Sync="TRUE">MaleUn5</attalias><attrtype Sync="TRUE">Integer</attrtype><attwidth Sync="TRUE">10</attwidth><atprecis Sync="TRUE">10</atprecis><attscale Sync="TRUE">0</attscale></attr><attr><attrlabl Sync="TRUE">FemUn5</attrlabl><attalias Sync="TRUE">FemUn5</attalias><attrtype Sync="TRUE">Integer</attrtype><attwidth Sync="TRUE">10</attwidth><atprecis Sync="TRUE">10</atprecis><attscale Sync="TRUE">0</attscale></attr><attr><attrlabl Sync="TRUE">School</attrlabl><attalias Sync="TRUE">School</attalias><attrtype Sync="TRUE">Integer</attrtype><attwidth Sync="TRUE">10</attwidth><atprecis Sync="TRUE">10</atprecis><attscale Sync="TRUE">0</attscale></attr><attr><attrlabl Sync="TRUE">UnabRead</attrlabl><attalias Sync="TRUE">UnabRead</attalias><attrtype Sync="TRUE">Integer</attrtype><attwidth Sync="TRUE">10</attwidth><atprecis Sync="TRUE">10</atprecis><attscale Sync="TRUE">0</attscale></attr><attr><attrlabl Sync="TRUE">Race</attrlabl><attalias Sync="TRUE">Race</attalias><attrtype Sync="TRUE">String</attrtype><attwidth Sync="TRUE">254</attwidth><atprecis Sync="TRUE">0</atprecis><attscale Sync="TRUE">0</attscale></attr><attr><attrlabl Sync="TRUE">Married</attrlabl><attalias Sync="TRUE">Married</attalias><attrtype Sync="TRUE">String</attrtype><attwidth Sync="TRUE">254</attwidth><atprecis Sync="TRUE">0</atprecis><attscale Sync="TRUE">0</attscale></attr><attr><attrlabl Sync="TRUE">YearsMar</attrlabl><attalias Sync="TRUE">YearsMar</attalias><attrtype Sync="TRUE">Integer</attrtype><attwidth Sync="TRUE">10</attwidth><atprecis Sync="TRUE">10</atprecis><attscale Sync="TRUE">0</attscale></attr><attr><attrlabl Sync="TRUE">ChildBorn</attrlabl><attalias Sync="TRUE">ChildBorn</attalias><attrtype Sync="TRUE">Integer</attrtype><attwidth Sync="TRUE">10</attwidth><atprecis Sync="TRUE">10</atprecis><attscale Sync="TRUE">0</attscale></attr><attr><attrlabl Sync="TRUE">ChildAliv</attrlabl><attalias Sync="TRUE">ChildAliv</attalias><attrtype Sync="TRUE">Integer</attrtype><attwidth Sync="TRUE">10</attwidth><atprecis Sync="TRUE">10</atprecis><attscale Sync="TRUE">0</attscale></attr><attr><attrlabl Sync="TRUE">Field32</attrlabl><attalias Sync="TRUE">Field32</attalias><attrtype Sync="TRUE">String</attrtype><attwidth Sync="TRUE">254</attwidth><atprecis Sync="TRUE">0</atprecis><attscale Sync="TRUE">0</attscale></attr><attr><attrlabl Sync="TRUE">Field33</attrlabl><attalias Sync="TRUE">Field33</attalias><attrtype Sync="TRUE">String</attrtype><attwidth Sync="TRUE">254</attwidth><atprecis Sync="TRUE">0</atprecis><attscale Sync="TRUE">0</attscale></attr><attr><attrlabl Sync="TRUE">HeadbinUS</attrlabl><attalias Sync="TRUE">HeadbinUS</attalias><attrtype Sync="TRUE">Double</attrtype><attwidth Sync="TRUE">19</attwidth><atprecis Sync="TRUE">0</atprecis><attscale Sync="TRUE">0</attscale></attr><attr><attrlabl Sync="TRUE">BinIowa</attrlabl><attalias Sync="TRUE">BinIowa</attalias><attrtype Sync="TRUE">Double</attrtype><attwidth Sync="TRUE">19</attwidth><atprecis Sync="TRUE">0</atprecis><attscale Sync="TRUE">0</attscale></attr><attr><attrlabl Sync="TRUE">GPA_BINUS</attrlabl><attalias Sync="TRUE">GPA_BINUS</attalias><attrtype Sync="TRUE">Double</attrtype><attwidth Sync="TRUE">19</attwidth><atprecis Sync="TRUE">0</atprecis><attscale Sync="TRUE">0</attscale></attr><attr><attrlabl Sync="TRUE">GPABINIowa</attrlabl><attalias Sync="TRUE">GPABINIowa</attalias><attrtype Sync="TRUE">Double</attrtype><attwidth Sync="TRUE">19</attwidth><atprecis Sync="TRUE">0</atprecis><attscale Sync="TRUE">0</attscale></attr><attr><attrlabl Sync="TRUE">MaleBirth</attrlabl><attalias Sync="TRUE">MaleBirth</attalias><attrtype Sync="TRUE">String</attrtype><attwidth Sync="TRUE">254</attwidth><atprecis Sync="TRUE">0</atprecis><attscale Sync="TRUE">0</attscale></attr><attr><attrlabl Sync="TRUE">FemBirth</attrlabl><attalias Sync="TRUE">FemBirth</attalias><attrtype Sync="TRUE">String</attrtype><attwidth Sync="TRUE">254</attwidth><atprecis Sync="TRUE">0</atprecis><attscale Sync="TRUE">0</attscale></attr><attr><attrlabl Sync="TRUE">Field40</attrlabl><attalias Sync="TRUE">Field40</attalias><attrtype Sync="TRUE">String</attrtype><attwidth Sync="TRUE">254</attwidth><atprecis Sync="TRUE">0</atprecis><attscale Sync="TRUE">0</attscale></attr><attr><attrlabl Sync="TRUE">England</attrlabl><attalias Sync="TRUE">England</attalias><attrtype Sync="TRUE">Integer</attrtype><attwidth Sync="TRUE">10</attwidth><atprecis Sync="TRUE">10</atprecis><attscale Sync="TRUE">0</attscale></attr><attr><attrlabl Sync="TRUE">Scotland</attrlabl><attalias Sync="TRUE">Scotland</attalias><attrtype Sync="TRUE">Integer</attrtype><attwidth Sync="TRUE">10</attwidth><atprecis Sync="TRUE">10</atprecis><attscale Sync="TRUE">0</attscale></attr><attr><attrlabl Sync="TRUE">Canada</attrlabl><attalias Sync="TRUE">Canada</attalias><attrtype Sync="TRUE">Integer</attrtype><attwidth Sync="TRUE">10</attwidth><atprecis Sync="TRUE">10</atprecis><attscale Sync="TRUE">0</attscale></attr><attr><attrlabl Sync="TRUE">Germany</attrlabl><attalias Sync="TRUE">Germany</attalias><attrtype Sync="TRUE">Integer</attrtype><attwidth Sync="TRUE">10</attwidth><atprecis Sync="TRUE">10</atprecis><attscale Sync="TRUE">0</attscale></attr><attr><attrlabl Sync="TRUE">Ireland</attrlabl><attalias Sync="TRUE">Ireland</attalias><attrtype Sync="TRUE">Integer</attrtype><attwidth Sync="TRUE">10</attwidth><atprecis Sync="TRUE">10</atprecis><attscale Sync="TRUE">0</attscale></attr><attr><attrlabl Sync="TRUE">Denmark</attrlabl><attalias Sync="TRUE">Denmark</attalias><attrtype Sync="TRUE">String</attrtype><attwidth Sync="TRUE">254</attwidth><atprecis Sync="TRUE">0</atprecis><attscale Sync="TRUE">0</attscale></attr><attr><attrlabl Sync="TRUE">Holland</attrlabl><attalias Sync="TRUE">Holland</attalias><attrtype Sync="TRUE">String</attrtype><attwidth Sync="TRUE">254</attwidth><atprecis Sync="TRUE">0</atprecis><attscale Sync="TRUE">0</attscale></attr><attr><attrlabl Sync="TRUE">France</attrlabl><attalias Sync="TRUE">France</attalias><attrtype Sync="TRUE">String</attrtype><attwidth Sync="TRUE">254</attwidth><atprecis Sync="TRUE">0</atprecis><attscale Sync="TRUE">0</attscale></attr><attr><attrlabl Sync="TRUE">Norway</attrlabl><attalias Sync="TRUE">Norway</attalias><attrtype Sync="TRUE">Integer</attrtype><attwidth Sync="TRUE">10</attwidth><atprecis Sync="TRUE">10</atprecis><attscale Sync="TRUE">0</attscale></attr><attr><attrlabl Sync="TRUE">Sweden</attrlabl><attalias Sync="TRUE">Sweden</attalias><attrtype Sync="TRUE">String</attrtype><attwidth Sync="TRUE">254</attwidth><atprecis Sync="TRUE">0</atprecis><attscale Sync="TRUE">0</attscale></attr><attr><attrlabl Sync="TRUE">AustriaHun</attrlabl><attalias Sync="TRUE">AustriaHun</attalias><attrtype Sync="TRUE">String</attrtype><attwidth Sync="TRUE">254</attwidth><atprecis Sync="TRUE">0</atprecis><attscale Sync="TRUE">0</attscale></attr><attr><attrlabl Sync="TRUE">Wales</attrlabl><attalias Sync="TRUE">Wales</attalias><attrtype Sync="TRUE">String</attrtype><attwidth Sync="TRUE">254</attwidth><atprecis Sync="TRUE">0</atprecis><attscale Sync="TRUE">0</attscale></attr><attr><attrlabl Sync="TRUE">Field53</attrlabl><attalias Sync="TRUE">Field53</attalias><attrtype Sync="TRUE">String</attrtype><attwidth Sync="TRUE">254</attwidth><atprecis Sync="TRUE">0</atprecis><attscale Sync="TRUE">0</attscale></attr><attr><attrlabl Sync="TRUE">Field54</attrlabl><attalias Sync="TRUE">Field54</attalias><attrtype Sync="TRUE">String</attrtype><attwidth Sync="TRUE">254</attwidth><atprecis Sync="TRUE">0</atprecis><attscale Sync="TRUE">0</attscale></attr><attr><attrlabl Sync="TRUE">BDDI</attrlabl><attalias Sync="TRUE">BDDI</attalias><attrtype Sync="TRUE">Integer</attrtype><attwidth Sync="TRUE">10</attwidth><atprecis Sync="TRUE">10</atprecis><attscale Sync="TRUE">0</attscale></attr><attr><attrlabl Sync="TRUE">Field56</attrlabl><attalias Sync="TRUE">Field56</attalias><attrtype Sync="TRUE">String</attrtype><attwidth Sync="TRUE">254</attwidth><atprecis Sync="TRUE">0</atprecis><attscale Sync="TRUE">0</attscale></attr><attr><attrlabl Sync="TRUE">Field57</attrlabl><attalias Sync="TRUE">Field57</attalias><attrtype Sync="TRUE">String</attrtype><attwidth Sync="TRUE">254</attwidth><atprecis Sync="TRUE">0</atprecis><attscale Sync="TRUE">0</attscale></attr><attr><attrlabl Sync="TRUE">OwnRent</attrlabl><attalias Sync="TRUE">OwnRent</attalias><attrtype Sync="TRUE">String</attrtype><attwidth Sync="TRUE">254</attwidth><atprecis Sync="TRUE">0</atprecis><attscale Sync="TRUE">0</attscale></attr><attr><attrlabl Sync="TRUE">Field59</attrlabl><attalias Sync="TRUE">Field59</attalias><attrtype Sync="TRUE">String</attrtype><attwidth Sync="TRUE">254</attwidth><atprecis Sync="TRUE">0</atprecis><attscale Sync="TRUE">0</attscale></attr><attr><attrlabl Sync="TRUE">Morgtaged</attrlabl><attalias Sync="TRUE">Morgtaged</attalias><attrtype Sync="TRUE">Integer</attrtype><attwidth Sync="TRUE">10</attwidth><atprecis Sync="TRUE">10</atprecis><attscale Sync="TRUE">0</attscale></attr><attr><attrlabl Sync="TRUE">FarmHouse</attrlabl><attalias Sync="TRUE">FarmHouse</attalias><attrtype Sync="TRUE">String</attrtype><attwidth Sync="TRUE">254</attwidth><atprecis Sync="TRUE">0</atprecis><attscale Sync="TRUE">0</attscale></attr><attr><attrlabl Sync="TRUE">Shape_Leng</attrlabl><attalias Sync="TRUE">Shape_Leng</attalias><attrtype Sync="TRUE">Double</attrtype><attwidth Sync="TRUE">19</attwidth><atprecis Sync="TRUE">0</atprecis><attscale Sync="TRUE">0</attscale></attr><attr><attrlabl Sync="TRUE">Shape_Area</attrlabl><attalias Sync="TRUE">Shape_Area</attalias><attrtype Sync="TRUE">Double</attrtype><attwidth Sync="TRUE">19</attwidth><atprecis Sync="TRUE">0</atprecis><attscale Sync="TRUE">0</attscale><attrdef Sync="TRUE">Area of feature in internal units squared.</attrdef><attrdefs Sync="TRUE">Esri</attrdefs><attrdomv><udom Sync="TRUE">Positive real numbers that are automatically generated.</udom></attrdomv></attr></detailed></eainfo><mdDateSt Sync="TRUE">20210228</mdDateSt></metadata>
