<?xml version="1.0" encoding="UTF-8"?>
<metadata xml:lang="en"><Esri><CreaDate>20180723</CreaDate><CreaTime>18073200</CreaTime><ArcGISFormat>1.0</ArcGISFormat><SyncOnce>TRUE</SyncOnce><RematchLocator>World<Category Locator="Review">Address</Category><Description Locator="Review">::</Description><OutColumns Locator="Review">Loc_name</OutColumns><OutColumns Locator="Review">Shape</OutColumns><OutColumns Locator="Review">Status</OutColumns><OutColumns Locator="Review">Score</OutColumns><OutColumns Locator="Review">Match_addr</OutColumns><OutColumns Locator="Review">LongLabel</OutColumns><OutColumns Locator="Review">ShortLabel</OutColumns><OutColumns Locator="Review">Addr_type</OutColumns><OutColumns Locator="Review">Type</OutColumns><OutColumns Locator="Review">PlaceName</OutColumns><OutColumns Locator="Review">Place_addr</OutColumns><OutColumns Locator="Review">Phone</OutColumns><OutColumns Locator="Review">URL</OutColumns><OutColumns Locator="Review">Rank</OutColumns><OutColumns Locator="Review">AddBldg</OutColumns><OutColumns Locator="Review">AddNum</OutColumns><OutColumns Locator="Review">AddNumFrom</OutColumns><OutColumns Locator="Review">AddNumTo</OutColumns><OutColumns Locator="Review">AddRange</OutColumns><OutColumns Locator="Review">Side</OutColumns><OutColumns Locator="Review">StPreDir</OutColumns><OutColumns Locator="Review">StPreType</OutColumns><OutColumns Locator="Review">StName</OutColumns><OutColumns Locator="Review">StType</OutColumns><OutColumns Locator="Review">StDir</OutColumns><OutColumns Locator="Review">BldgType</OutColumns><OutColumns Locator="Review">BldgName</OutColumns><OutColumns Locator="Review">LevelType</OutColumns><OutColumns Locator="Review">LevelName</OutColumns><OutColumns Locator="Review">UnitType</OutColumns><OutColumns Locator="Review">UnitName</OutColumns><OutColumns Locator="Review">SubAddr</OutColumns><OutColumns Locator="Review">StAddr</OutColumns><OutColumns Locator="Review">Block</OutColumns><OutColumns Locator="Review">Sector</OutColumns><OutColumns Locator="Review">Nbrhd</OutColumns><OutColumns Locator="Review">District</OutColumns><OutColumns Locator="Review">City</OutColumns><OutColumns Locator="Review">MetroArea</OutColumns><OutColumns Locator="Review">Subregion</OutColumns><OutColumns Locator="Review">Region</OutColumns><OutColumns Locator="Review">RegionAbbr</OutColumns><OutColumns Locator="Review">Territory</OutColumns><OutColumns Locator="Review">Zone</OutColumns><OutColumns Locator="Review">Postal</OutColumns><OutColumns Locator="Review">PostalExt</OutColumns><OutColumns Locator="Review">Country</OutColumns><OutColumns Locator="Review">LangCode</OutColumns><OutColumns Locator="Review">Distance</OutColumns><OutColumns Locator="Review">X</OutColumns><OutColumns Locator="Review">Y</OutColumns><OutColumns Locator="Review">DisplayX</OutColumns><OutColumns Locator="Review">DisplayY</OutColumns><OutColumns Locator="Review">Xmin</OutColumns><OutColumns Locator="Review">Xmax</OutColumns><OutColumns Locator="Review">Ymin</OutColumns><OutColumns Locator="Review">Ymax</OutColumns><OutColumns Locator="Review">ExInfo</OutColumns><OutKeyColumns Locator="Review">::</OutKeyColumns><OutTable Locator="Review">::</OutTable><InColumns Locator="Review">ARC_Addres</InColumns><InColumns Locator="Review">ARC_Addr_1</InColumns><InColumns Locator="Review">ARC_Addr_2</InColumns><InColumns Locator="Review">ARC_Neighb</InColumns><InColumns Locator="Review">ARC_City</InColumns><InColumns Locator="Review">ARC_Subreg</InColumns><InColumns Locator="Review">ARC_Region</InColumns><InColumns Locator="Review">ARC_Postal</InColumns><InColumns Locator="Review">ARC_Post_1</InColumns><InColumns Locator="Review">ARC_Countr</InColumns><InKeyColumns Locator="Review">::</InKeyColumns><InTable Locator="Review">::</InTable><UseMultithreading Locator="Review">True</UseMultithreading><CLSID Locator="Review">{47A9F8CE-597B-11D5-9BE2-000000000000}</CLSID><ServerObjectURL Locator="Review">https://geocode.arcgis.com/arcgis/services/World/GeocodeServer</ServerObjectURL><ServerObjectName Locator="Review">World</ServerObjectName><ServerObjectType Locator="Review">GeocodeServer</ServerObjectType><ServerConnectionURL Locator="Review">https://geocode.arcgis.com/arcgis/services</ServerConnectionURL><ServerConnectionUser Locator="Review">::</ServerConnectionUser><ServerConnectionTokenProviderType Locator="Review">AGOL</ServerConnectionTokenProviderType><ServerConnectionMode Locator="Review">0</ServerConnectionMode><ServerType Locator="Review">1</ServerType></RematchLocator></Esri></metadata>
